price,area,bedrooms,bathrooms,stories,mainroad,guestroom,basement,hotwaterheating,airconditioning,parking,prefarea,furnishingstatus
6093731,13799,6,1,1,yes,no,no,no,no,0,no,furnished
6911321,14082,5,1,1,yes,no,yes,no,no,1,yes,semi-furnished
11220867,13193,3,2,2,yes,no,no,no,no,3,yes,semi-furnished
6842131,4327,5,3,2,yes,no,no,no,yes,1,no,furnished
6012988,5989,6,2,2,yes,no,no,no,no,2,no,furnished
9557721,10319,4,2,4,yes,no,no,no,yes,2,no,unfurnished
7364527,15912,2,2,1,yes,no,no,no,no,0,no,unfurnished
4652750,3053,1,1,1,yes,no,no,no,yes,2,no,unfurnished
5905947,5711,5,2,1,yes,no,no,no,yes,0,no,furnished
5589378,5631,5,2,4,yes,no,yes,no,no,1,no,unfurnished
10719666,15977,,2,2,no,no,no,no,yes,2,no,furnished
11629473,13062,4,1,3,no,no,no,no,yes,1,yes,furnished
4797208,2772,5,1,2,yes,no,yes,no,no,0,no,furnished
5050964,1802,3,4,1,yes,no,no,no,yes,1,yes,semi-furnished
4428113,3403,2,1,1,yes,yes,yes,no,no,2,no,semi-furnished
8354845,10839,6,2,3,yes,yes,no,no,no,3,no,unfurnished
10470747,11818,5,4,3,yes,no,yes,no,no,0,no,furnished
6731058,7378,2,1,4,yes,no,yes,yes,yes,1,no,furnished
9099631,8799,4,1,3,yes,no,no,no,yes,2,no,unfurnished
7873315,6994,5,1,3,yes,no,yes,no,no,2,no,furnished
6857581,10025,4,3,2,yes,no,no,no,yes,2,no,unfurnished
11087690,16168,1,2,3,yes,yes,no,no,yes,2,no,furnished
8504758,11687,5,1,4,yes,no,no,no,no,0,no,semi-furnished
4259997,3917,3,2,1,yes,no,yes,no,no,1,no,semi-furnished
7680680,9649,4,2,2,yes,no,yes,no,no,1,no,semi-furnished
6514308,9099,4,1,2,yes,no,no,no,no,1,no,semi-furnished
8092008,11829,2,4,1,yes,yes,no,no,yes,2,no,semi-furnished
5600692,3319,2,1,2,yes,no,no,no,no,2,no,semi-furnished
13335241,13238,6,4,4,yes,yes,no,no,no,2,no,semi-furnished
8426983,9748,4,1,1,no,yes,yes,no,no,2,no,semi-furnished
5871347,3174,4,4,1,yes,no,yes,no,no,2,no,semi-furnished
5036606,5195,6,1,2,yes,no,no,no,no,0,no,semi-furnished
4758242,3330,2,3,4,no,no,no,no,yes,0,no,semi-furnished
7131690,11583,1,2,3,yes,no,no,no,no,1,no,semi-furnished
7900724,9031,2,1,3,yes,no,yes,no,yes,3,no,unfurnished
5137611,8845,3,2,2,yes,no,no,no,no,1,no,unfurnished
9976812,11091,1,4,2,yes,no,no,no,no,0,no,semi-furnished
9502473,14979,3,3,3,yes,yes,yes,no,yes,3,no,unfurnished
8008269,6369,3,2,2,yes,no,yes,no,no,0,no,semi-furnished
6859475,8457,3,2,2,yes,no,yes,no,no,2,no,furnished
8328475,7304,2,2,4,yes,no,no,no,no,2,yes,semi-furnished
9271639,15899,1,1,3,yes,no,yes,no,yes,0,no,unfurnished
9855635,15943,3,3,4,yes,no,yes,no,yes,0,no,semi-furnished
5797984,4435,5,2,2,yes,no,no,no,no,2,yes,semi-furnished
8923726,9134,4,3,2,yes,yes,no,no,yes,2,no,semi-furnished
5558291,11822,3,1,2,yes,no,no,no,yes,0,no,unfurnished
7299710,10347,,4,3,yes,no,yes,no,no,3,no,semi-furnished
9247255,11227,4,1,2,yes,no,no,no,no,2,no,unfurnished
5734681,3552,1,1,4,yes,no,yes,no,no,2,no,unfurnished
6126140,5518,2,2,4,no,yes,no,no,no,1,yes,semi-furnished
6685129,11257,1,,2,yes,no,yes,no,no,0,no,furnished
9858836,13802,3,1,2,yes,yes,yes,no,no,2,yes,unfurnished
7966923,6927,4,1,1,yes,yes,yes,no,no,1,no,unfurnished
9108018,16200,2,2,4,yes,no,no,no,yes,1,no,semi-furnished
10664999,12627,5,2,3,yes,no,no,no,no,2,yes,semi-furnished
8874764,14875,3,2,2,yes,no,no,no,no,2,yes,unfurnished
3866201,3153,1,1,1,yes,no,no,no,no,2,no,unfurnished
5424550,5181,4,2,2,yes,yes,no,no,no,1,no,semi-furnished
6473489,4528,4,,3,yes,no,yes,no,no,1,yes,unfurnished
9586229,15281,3,1,4,yes,no,no,no,no,1,no,semi-furnished
6469195,5521,3,1,2,yes,no,yes,no,no,0,yes,unfurnished
8656138,7416,3,2,1,yes,no,no,no,no,0,no,furnished
9634161,9031,5,1,1,yes,no,yes,no,no,0,yes,unfurnished
5126214,2729,1,4,3,yes,no,no,no,no,2,no,semi-furnished
7126700,12629,3,4,2,yes,no,no,no,yes,2,no,semi-furnished
9190710,12495,1,2,1,yes,no,yes,no,yes,3,no,unfurnished
6874552,6720,2,2,2,no,no,no,no,no,2,no,semi-furnished
8352833,10735,6,2,3,no,no,no,no,yes,0,no,unfurnished
5791434,5328,4,1,3,yes,no,no,no,no,0,yes,semi-furnished
12065440,14366,5,2,1,yes,no,yes,no,no,1,yes,semi-furnished
4399779,2758,1,2,3,no,no,no,no,yes,3,no,unfurnished
4857048,3835,6,4,3,yes,no,no,no,no,1,no,semi-furnished
8020657,5800,5,2,4,yes,no,yes,no,yes,2,no,furnished
9477882,11520,4,1,3,no,yes,yes,no,yes,1,no,unfurnished
6188583,7602,1,1,3,yes,no,yes,yes,no,2,no,furnished
6337371,8171,5,1,3,yes,no,no,yes,yes,2,no,unfurnished
8811138,14929,6,2,1,yes,no,yes,no,yes,2,no,semi-furnished
7475654,11676,4,4,2,no,yes,no,no,no,1,no,unfurnished
9520580,14229,6,2,2,no,no,no,no,yes,0,no,furnished
5779491,9884,3,2,1,yes,no,no,no,no,2,no,unfurnished
9479493,12167,4,3,2,no,no,no,no,yes,0,no,furnished
8894725,10087,4,1,3,yes,no,no,no,yes,0,yes,semi-furnished
8450472,9931,1,1,3,yes,no,no,yes,yes,2,no,unfurnished
7052516,7589,5,2,2,yes,yes,no,no,yes,2,no,furnished
8519139,10158,6,,4,yes,no,no,no,no,0,no,unfurnished
8794727,8474,3,3,1,yes,no,no,no,yes,1,no,unfurnished
10682243,11030,6,1,1,no,yes,yes,no,yes,2,yes,unfurnished
9503058,12723,3,2,3,yes,no,no,no,no,0,no,semi-furnished
7717157,11045,3,1,1,yes,no,no,no,no,3,yes,furnished
5401719,5622,2,1,2,yes,no,yes,no,yes,1,no,furnished
4811384,4518,5,1,1,yes,no,no,yes,no,3,no,unfurnished
7988143,6120,2,4,4,yes,yes,yes,no,yes,0,yes,semi-furnished
5959655,7934,2,1,2,yes,no,no,no,no,0,no,semi-furnished
8513366,7671,6,1,2,yes,no,yes,no,no,2,no,unfurnished
8898305,11033,1,1,2,yes,yes,no,no,no,2,no,furnished
12146926,15026,1,2,2,yes,no,yes,no,no,2,no,furnished
8608127,12357,4,1,2,no,yes,no,no,yes,0,no,furnished
6905499,11724,1,1,3,yes,no,yes,no,yes,0,no,unfurnished
9319747,11111,2,4,3,yes,no,yes,no,yes,2,no,semi-furnished
7104863,8338,5,1,3,yes,no,no,no,no,1,no,furnished
8817076,,4,4,3,yes,no,yes,no,no,0,no,furnished
6047211,5624,1,3,4,yes,no,no,no,yes,1,no,unfurnished
6733367,8431,2,1,3,yes,no,no,yes,no,2,no,semi-furnished
7373791,9200,4,3,4,yes,no,yes,no,no,2,no,furnished
6280274,12451,1,2,4,yes,yes,no,yes,no,1,no,semi-furnished
5311251,8302,4,1,3,yes,no,no,no,no,0,no,unfurnished
10338886,10920,4,3,3,no,no,no,no,yes,3,no,unfurnished
9004552,11267,3,1,2,yes,no,no,no,yes,2,yes,semi-furnished
8404814,14323,5,2,3,yes,no,no,no,yes,2,no,semi-furnished
10044675,7559,6,,3,yes,yes,yes,no,yes,0,yes,semi-furnished
9157746,13525,4,2,1,no,no,no,no,yes,1,yes,semi-furnished
9094819,11378,2,3,4,yes,no,yes,yes,no,3,no,semi-furnished
8400514,6989,6,2,2,yes,no,no,no,no,2,no,furnished
7702311,5789,6,1,2,yes,no,no,no,no,1,no,unfurnished
9225010,12424,1,4,2,yes,yes,no,no,no,2,no,semi-furnished
8626933,7301,4,4,2,no,no,yes,no,yes,3,no,furnished
4276107,2020,3,1,1,yes,no,no,no,no,0,no,unfurnished
6170841,9015,4,1,2,yes,no,no,no,no,3,no,unfurnished
7649750,11665,6,1,3,yes,yes,no,no,yes,2,no,semi-furnished
5384610,4693,5,2,3,yes,no,no,no,yes,0,no,furnished
7964894,8459,4,3,4,yes,no,yes,no,no,0,no,semi-furnished
11412498,14101,3,2,1,yes,no,no,no,no,3,yes,furnished
8709089,11745,6,2,2,yes,no,yes,no,no,1,no,furnished
10006744,13142,3,4,2,no,no,no,no,no,2,no,furnished
8304381,9099,6,1,3,no,no,yes,no,no,2,no,unfurnished
5813971,10925,5,2,2,no,no,no,no,yes,2,no,semi-furnished
4382414,3179,2,4,2,yes,no,no,no,yes,1,no,unfurnished
7122953,15037,1,3,3,yes,no,no,no,yes,0,no,furnished
9872278,11940,3,3,2,yes,no,no,no,yes,0,yes,furnished
7422448,,6,1,2,yes,no,no,no,yes,3,no,semi-furnished
8779508,7636,4,4,3,yes,yes,no,no,yes,2,yes,semi-furnished
3584819,2944,3,1,2,yes,no,no,no,no,2,no,unfurnished
6467604,,3,3,2,yes,yes,yes,no,no,2,no,unfurnished
4788691,9778,1,1,1,yes,no,no,no,no,1,no,unfurnished
6360121,5328,1,2,3,yes,no,no,no,yes,1,yes,unfurnished
5917285,4937,4,1,3,yes,no,no,no,no,1,no,furnished
10503737,15560,3,1,3,yes,no,yes,no,no,0,no,furnished
7476193,8776,4,1,1,yes,yes,yes,no,no,1,no,unfurnished
5946541,3628,4,1,3,yes,no,yes,no,yes,0,yes,unfurnished
9957923,15651,2,1,3,yes,no,yes,no,no,0,yes,furnished
6877071,3657,1,4,3,yes,no,yes,no,no,1,no,semi-furnished
13033780,16113,3,2,3,yes,yes,yes,no,yes,3,no,unfurnished
5574193,2609,2,1,2,yes,no,no,no,yes,0,yes,unfurnished
8960260,11342,3,,3,yes,no,no,no,no,0,no,semi-furnished
6415397,7232,5,1,2,yes,no,no,no,yes,2,no,furnished
9888273,12286,4,4,4,yes,no,no,no,no,1,yes,unfurnished
7292552,11519,5,1,2,yes,no,no,no,yes,1,yes,unfurnished
10477036,13453,3,,1,yes,no,no,no,no,1,no,semi-furnished
6933052,7250,3,1,1,yes,no,no,no,no,0,no,unfurnished
9719345,12473,2,2,2,yes,no,yes,no,no,0,yes,furnished
8561264,12480,4,2,4,yes,no,no,no,no,0,no,semi-furnished
9373380,10720,5,2,2,yes,no,no,no,no,1,no,furnished
5132201,4482,2,1,4,no,yes,yes,no,yes,0,no,semi-furnished
6332519,3493,1,4,3,yes,yes,no,no,no,0,no,furnished
5472109,2285,5,3,3,yes,no,no,yes,no,1,no,furnished
5570596,4729,6,2,1,yes,no,no,no,no,1,no,unfurnished
4953406,5737,2,4,1,yes,yes,no,no,no,1,no,unfurnished
11002683,13920,2,,2,yes,yes,yes,yes,no,3,no,furnished
10955610,13327,3,2,2,no,no,no,no,no,1,yes,semi-furnished
7558582,6179,4,1,3,yes,no,yes,no,no,1,yes,unfurnished
5302221,7272,1,2,2,yes,no,no,no,no,2,no,semi-furnished
8107316,12372,2,3,3,yes,no,no,no,no,1,no,unfurnished
5153655,,5,1,3,no,yes,no,no,no,1,yes,unfurnished
6628647,9671,,,2,yes,no,yes,no,no,1,no,semi-furnished
10784388,13012,6,1,2,no,no,yes,no,yes,0,no,semi-furnished
7263246,,4,1,2,yes,yes,no,no,yes,1,no,furnished
7048681,9422,4,1,2,yes,no,no,yes,no,0,no,semi-furnished
8468127,13175,5,1,3,yes,yes,no,no,no,1,no,furnished
8131739,9133,3,3,2,no,no,no,no,yes,0,no,semi-furnished
10740650,16042,4,2,2,yes,no,yes,no,no,1,no,semi-furnished
7826076,14415,2,2,3,yes,yes,no,no,no,0,no,semi-furnished
9107710,10154,5,1,3,yes,no,yes,no,yes,1,no,unfurnished
4245476,2474,2,1,2,yes,no,no,no,yes,1,no,semi-furnished
10054758,9978,5,2,2,yes,no,no,no,no,3,yes,semi-furnished
8585962,13153,3,2,3,yes,no,no,no,no,1,yes,unfurnished
12047523,14300,6,2,1,no,no,no,no,no,0,no,furnished
7022126,8509,3,2,3,no,no,no,no,no,1,no,furnished
10045543,12899,5,3,2,yes,no,no,no,no,2,no,unfurnished
8812471,14893,5,1,3,yes,yes,no,no,yes,1,no,furnished
9173915,13813,6,2,2,yes,no,no,no,no,2,no,semi-furnished
8440037,14021,2,3,3,yes,no,yes,no,yes,1,yes,unfurnished
5101422,2304,3,2,2,yes,no,yes,no,no,2,no,unfurnished
5497130,5274,4,1,3,no,no,yes,no,no,2,no,unfurnished
8510400,10501,1,2,2,yes,yes,no,no,no,2,no,furnished
6891025,15821,2,3,2,yes,no,yes,no,no,2,no,unfurnished
5315452,5887,5,4,2,yes,no,no,no,no,0,no,unfurnished
7764388,,4,2,3,yes,no,no,no,no,3,no,semi-furnished
9389644,13910,1,1,2,yes,no,yes,no,no,0,yes,furnished
7080962,7070,2,3,4,yes,no,yes,no,yes,0,no,semi-furnished
7664356,15414,6,2,2,yes,no,yes,no,no,3,no,unfurnished
11678275,14964,1,4,1,yes,no,no,no,no,2,no,unfurnished
8752247,8150,5,2,1,yes,yes,yes,no,no,2,yes,unfurnished
5172422,2351,3,1,2,yes,no,no,no,no,0,yes,unfurnished
4433779,7815,1,2,2,no,no,no,no,no,3,no,unfurnished
6842935,12481,2,1,1,yes,no,no,no,no,0,no,unfurnished
7052710,10114,2,1,2,no,no,no,yes,no,2,no,furnished
8246798,4397,6,2,2,yes,no,no,no,yes,1,yes,furnished
8363527,12453,1,1,4,yes,no,no,no,no,2,no,semi-furnished
5301981,3843,5,1,3,yes,no,no,no,no,2,no,furnished
9263101,12325,1,1,3,yes,no,no,no,no,2,no,furnished
11927255,15658,6,2,2,no,yes,yes,no,no,0,yes,semi-furnished
8748587,13520,1,2,1,yes,no,no,no,no,2,yes,furnished
7921818,7543,2,3,1,yes,yes,yes,no,no,1,no,semi-furnished
6696173,9100,3,1,2,no,no,yes,no,yes,0,no,semi-furnished
8657387,11264,4,3,4,no,no,yes,no,no,0,no,furnished
7127502,9457,1,2,2,yes,no,no,no,no,0,no,furnished
6958835,11706,1,1,4,yes,no,no,no,no,1,no,unfurnished
5680751,9882,4,2,1,yes,no,no,no,yes,2,no,unfurnished
7883735,7645,3,2,3,yes,no,no,no,no,1,no,furnished
8815113,14850,6,1,4,yes,no,yes,no,no,2,no,semi-furnished
7418536,5906,4,3,3,yes,no,no,no,yes,0,no,unfurnished
6557297,9248,4,2,2,yes,yes,yes,no,no,2,no,semi-furnished
6648608,8432,3,3,4,yes,no,yes,no,yes,2,no,furnished
5783482,3031,3,2,2,yes,no,yes,no,yes,2,yes,unfurnished
7423823,,5,2,4,yes,no,no,no,no,1,no,furnished
7318432,10417,3,1,4,yes,no,no,no,yes,1,no,unfurnished
4338605,2947,4,1,2,yes,no,no,no,no,2,no,unfurnished
6424594,4726,6,2,4,yes,yes,no,yes,no,1,no,unfurnished
6053332,7060,3,2,1,yes,no,yes,no,no,2,no,furnished
6845526,9396,1,2,2,yes,no,no,no,no,2,no,unfurnished
5341108,1896,6,2,3,yes,no,yes,no,yes,0,no,unfurnished
7689848,7474,6,1,1,yes,no,no,no,yes,2,no,semi-furnished
6590205,4759,5,3,4,yes,no,yes,no,no,2,no,unfurnished
10072110,11803,6,1,1,no,no,yes,no,no,2,no,furnished
6467400,4576,1,4,2,no,no,no,no,no,3,no,semi-furnished
6723617,9318,4,4,1,yes,yes,no,no,no,1,no,furnished
10281607,10989,5,3,2,yes,yes,no,no,yes,2,no,unfurnished
9056956,10662,4,,3,no,no,no,no,no,2,no,furnished
7467787,10130,1,1,1,yes,no,yes,no,yes,1,yes,unfurnished
11512575,14938,2,1,2,yes,no,no,no,yes,1,no,furnished
11329176,15900,4,2,1,yes,no,no,no,no,2,no,semi-furnished
6022802,5288,4,2,1,yes,no,yes,no,no,2,yes,semi-furnished
7352928,5620,6,2,2,yes,no,yes,no,yes,2,no,semi-furnished
5582760,4921,1,4,2,yes,yes,no,no,no,0,no,furnished
8273564,,3,2,4,yes,yes,no,yes,no,2,no,semi-furnished
6177388,1962,6,1,1,yes,no,no,no,no,2,yes,semi-furnished
7802840,8095,3,1,4,yes,yes,no,no,yes,2,no,furnished
8933814,8487,5,4,2,yes,yes,no,no,yes,2,yes,unfurnished
5621782,,5,1,3,yes,no,yes,no,no,2,yes,semi-furnished
8020860,11420,5,,2,yes,no,no,no,no,2,no,semi-furnished
8969708,13812,3,2,2,yes,no,yes,no,no,1,no,semi-furnished
7280827,10180,6,3,1,yes,no,no,no,yes,2,no,unfurnished
5288052,6473,4,1,3,yes,yes,no,no,no,1,yes,unfurnished
6498558,6959,4,1,2,yes,no,no,no,yes,0,no,unfurnished
5948554,4306,5,,2,no,yes,no,no,yes,3,no,semi-furnished
7799863,11297,4,1,2,yes,no,no,no,yes,2,no,unfurnished
4123431,2453,3,1,1,yes,no,yes,no,no,2,no,unfurnished
7865250,9363,5,1,2,yes,no,yes,no,no,2,yes,furnished
9607181,9719,5,2,4,yes,no,yes,no,yes,0,yes,unfurnished
6148987,6692,3,4,1,yes,no,no,no,no,1,no,unfurnished
8062230,9227,6,2,3,yes,no,no,no,yes,2,no,unfurnished
5859939,4720,2,2,3,yes,no,no,no,yes,0,no,furnished
8294942,14741,,2,1,yes,no,yes,no,no,2,no,semi-furnished
8143724,7110,6,4,1,yes,yes,no,no,yes,2,no,unfurnished
6324462,5034,1,1,1,yes,no,yes,no,no,2,yes,furnished
9758810,11747,4,1,4,yes,no,yes,no,no,0,no,semi-furnished
5297886,4654,3,1,3,yes,no,no,no,no,0,yes,furnished
9272486,10378,6,1,2,yes,no,yes,no,yes,1,no,semi-furnished
7325990,6980,4,1,4,yes,no,yes,no,yes,0,no,unfurnished
5975259,4855,5,2,4,yes,no,yes,no,no,1,no,semi-furnished
8600358,15833,3,1,2,yes,no,no,no,no,1,no,unfurnished
8182942,3850,3,4,2,yes,no,yes,no,no,0,yes,unfurnished
9850878,15524,1,2,4,yes,no,yes,no,no,0,no,unfurnished
8125903,10224,3,2,1,no,yes,no,no,no,0,no,unfurnished
6383373,6388,4,1,2,yes,no,no,no,no,1,yes,semi-furnished
6393314,6159,2,2,2,no,yes,yes,no,no,0,no,semi-furnished
9512305,14271,4,4,3,yes,no,no,no,no,3,no,unfurnished
9158942,12848,5,1,3,yes,no,yes,no,yes,3,no,unfurnished
5444799,13680,4,2,2,yes,no,no,no,no,1,no,unfurnished
7416357,11798,2,1,1,yes,no,no,no,no,2,yes,furnished
9123889,14255,6,2,2,yes,no,no,no,yes,0,no,furnished
6576730,4007,6,2,1,yes,no,no,no,no,1,yes,furnished
7197618,10094,4,2,1,yes,no,no,no,no,3,no,unfurnished
6186081,7635,1,3,1,yes,no,yes,no,no,2,yes,unfurnished
5196373,13442,1,1,1,no,no,no,no,no,1,no,semi-furnished
8260521,13791,6,4,2,yes,no,yes,no,no,1,no,unfurnished
5844596,3520,1,4,1,yes,no,yes,no,no,3,no,unfurnished
5079557,4403,2,4,3,yes,no,no,no,yes,0,no,unfurnished
10186066,12993,4,3,4,yes,yes,yes,no,yes,0,no,furnished
7806846,9255,5,1,2,yes,no,yes,no,no,2,no,semi-furnished
6306883,10454,1,1,1,yes,no,no,no,no,2,no,unfurnished
6856845,9366,4,1,1,yes,yes,no,no,no,0,no,furnished
6781441,4454,4,2,3,yes,no,yes,no,no,2,no,unfurnished
6961086,5710,6,4,2,yes,no,no,no,yes,2,no,semi-furnished
9351261,13006,2,1,1,yes,no,yes,no,no,0,yes,unfurnished
12568324,13182,3,3,4,yes,no,yes,no,no,0,no,semi-furnished
7259493,7639,3,2,1,yes,no,no,no,no,0,no,furnished
7841696,9062,1,1,3,yes,no,yes,no,no,2,no,semi-furnished
7379611,9781,3,1,2,yes,no,no,yes,no,2,no,furnished
8592185,11131,6,1,3,yes,no,yes,no,no,3,no,semi-furnished
6560058,11785,3,2,2,no,no,yes,no,no,2,no,furnished
7517453,7759,3,1,2,yes,no,no,no,yes,1,no,semi-furnished
7095311,7199,6,1,4,yes,no,no,no,no,1,yes,unfurnished
8743007,12743,1,1,4,yes,yes,no,no,yes,2,no,furnished
8938487,13799,2,3,4,no,no,yes,no,no,1,no,semi-furnished
7357149,3099,5,4,3,yes,no,yes,no,no,2,no,furnished
5129259,4173,1,4,1,yes,no,no,no,no,1,no,semi-furnished
6636891,7764,4,3,1,yes,no,no,no,yes,1,no,unfurnished
10391863,,6,1,2,yes,no,no,no,yes,1,no,unfurnished
7773514,4321,4,2,3,yes,yes,yes,no,no,2,no,unfurnished
7235373,11441,3,,4,yes,no,yes,no,no,0,yes,unfurnished
5135115,2346,4,4,3,yes,yes,no,no,no,1,yes,semi-furnished
7232578,4280,5,1,3,no,no,no,no,yes,3,no,furnished
7532180,13088,6,2,3,yes,no,no,no,no,1,no,unfurnished
6364243,2997,5,3,1,yes,yes,yes,no,yes,3,no,unfurnished
6316352,3603,4,2,1,yes,no,no,no,no,0,yes,furnished
9811737,9445,6,2,3,yes,no,no,no,yes,1,yes,semi-furnished
9482050,14104,2,1,1,yes,no,no,no,yes,2,no,unfurnished
6221086,2239,4,2,4,yes,no,no,no,no,1,no,semi-furnished
5610159,5965,5,1,3,yes,no,no,no,no,1,yes,unfurnished
7711325,5706,1,3,2,yes,no,yes,no,no,0,no,furnished
7244251,6932,3,2,3,yes,no,yes,no,no,2,no,unfurnished
4364045,2428,2,1,2,yes,no,no,no,no,2,no,furnished
5391355,4928,3,2,3,yes,no,no,no,no,0,no,unfurnished
7274151,10206,4,2,1,yes,no,yes,no,no,3,no,semi-furnished
7856166,9254,1,1,2,yes,no,no,no,yes,1,yes,semi-furnished
7614742,8152,4,1,1,no,no,yes,no,no,0,no,unfurnished
10584805,8578,6,3,2,yes,yes,yes,no,no,3,no,semi-furnished
11000005,15436,3,1,1,yes,no,yes,no,no,1,no,semi-furnished
8097972,6522,1,4,2,yes,no,no,no,no,3,no,furnished
7337450,7414,6,1,1,yes,no,no,no,no,3,yes,unfurnished
8857003,15526,5,3,2,yes,no,no,no,no,0,no,unfurnished
9241366,10800,2,1,1,yes,no,no,no,yes,2,no,furnished
6670796,3591,4,4,4,yes,no,no,no,yes,2,no,furnished
5937598,5718,2,2,4,yes,no,no,yes,yes,1,no,semi-furnished
6405410,1737,5,3,1,yes,no,yes,no,no,2,yes,furnished
7143400,13902,2,2,2,yes,no,no,no,no,1,no,semi-furnished
7203777,8800,2,3,4,yes,no,no,no,no,2,no,semi-furnished
5899951,11210,3,2,2,no,yes,no,no,no,0,no,unfurnished
6792202,9190,2,1,1,yes,no,no,no,no,0,no,furnished
6355507,5830,4,1,3,yes,no,no,no,no,0,no,semi-furnished
10207171,15282,3,3,1,yes,yes,no,no,yes,2,no,semi-furnished
6737764,6412,2,2,1,yes,yes,no,no,no,2,no,furnished
6198472,7473,6,2,2,yes,yes,no,no,no,0,no,semi-furnished
4557726,2931,2,1,2,yes,no,no,no,no,0,no,furnished
13882876,14833,6,3,3,yes,yes,yes,no,yes,0,no,furnished
6155754,9597,2,3,4,yes,no,no,no,no,3,no,semi-furnished
7523480,5449,6,4,4,yes,no,no,no,yes,2,no,semi-furnished
8220757,11514,2,2,3,no,no,no,no,no,1,no,unfurnished
4896269,3303,2,2,4,yes,no,no,no,no,0,no,semi-furnished
10049596,14509,4,1,3,yes,yes,no,no,yes,2,no,unfurnished
9522762,9961,1,4,1,yes,no,no,no,yes,1,no,unfurnished
8429288,7242,1,1,4,yes,yes,yes,no,no,2,no,furnished
3906321,3039,1,3,1,yes,no,no,no,no,0,no,unfurnished
5126850,1779,6,1,3,yes,no,no,no,no,2,yes,unfurnished
6118537,5151,2,2,2,yes,no,no,no,yes,0,no,unfurnished
8367752,6531,6,1,4,yes,yes,yes,no,no,2,no,unfurnished
7336185,4051,3,2,1,yes,no,yes,no,no,1,yes,furnished
9636520,15147,4,3,3,yes,no,no,no,no,2,no,furnished
4567786,2309,1,1,2,yes,yes,yes,no,yes,0,no,furnished
10300647,14451,5,2,3,yes,no,no,no,yes,2,no,semi-furnished
9904795,12232,4,3,2,yes,yes,yes,no,no,1,no,furnished
6022349,,5,1,1,yes,no,no,no,no,3,no,semi-furnished
8285317,10526,1,1,1,yes,yes,yes,no,yes,1,no,furnished
9461333,13972,1,1,2,yes,no,no,no,no,1,yes,semi-furnished
7992874,6640,5,3,2,yes,no,no,no,no,0,no,furnished
5809347,9550,2,1,1,yes,no,no,no,no,0,no,unfurnished
7223946,5104,5,1,3,yes,no,yes,no,no,1,no,unfurnished
4833194,1720,1,2,4,no,no,no,no,no,3,no,furnished
6680054,9230,6,,1,yes,yes,yes,no,no,2,no,semi-furnished
9408378,15902,6,2,1,yes,no,yes,no,no,2,no,unfurnished
9603240,12802,6,1,2,yes,no,no,no,no,0,no,semi-furnished
6615203,10373,1,1,3,yes,yes,yes,no,no,0,no,furnished
8775569,5699,3,4,2,yes,no,yes,no,no,3,yes,furnished
8367679,11656,4,1,2,yes,yes,no,no,yes,1,no,unfurnished
7010981,3419,3,2,2,yes,no,yes,no,yes,2,yes,unfurnished
8568988,6748,6,4,3,yes,no,yes,no,no,1,no,furnished
8407731,12592,1,1,2,yes,no,no,no,no,2,no,unfurnished
6273555,9293,6,1,2,yes,no,no,no,no,2,no,semi-furnished
4752919,4912,3,1,1,yes,yes,no,no,no,2,yes,furnished
8158024,10283,3,3,2,no,no,no,no,yes,0,no,furnished
12619343,15649,5,2,2,yes,no,yes,no,no,3,yes,unfurnished
5354486,6922,5,2,2,yes,no,no,no,no,2,no,unfurnished
5642087,3850,3,1,1,yes,no,no,no,yes,2,no,semi-furnished
12776361,15455,3,1,2,yes,no,yes,no,yes,0,yes,furnished
5903640,1789,6,2,2,yes,no,yes,no,no,3,no,unfurnished
11089624,13487,5,4,4,yes,no,yes,no,no,2,no,semi-furnished
12743620,14148,4,3,3,yes,no,yes,yes,no,0,yes,semi-furnished
5352008,3359,3,1,2,yes,yes,no,no,yes,0,yes,semi-furnished
7984313,10439,2,1,2,yes,no,no,no,yes,3,yes,semi-furnished
8575006,10976,2,2,3,no,no,no,no,yes,1,no,unfurnished
6833205,8097,2,3,1,yes,yes,no,no,no,2,no,furnished
5740400,9222,2,2,1,yes,no,no,no,no,1,no,semi-furnished
5445879,3947,6,1,4,yes,no,yes,no,no,0,no,unfurnished
8627134,13065,5,1,4,yes,no,no,no,no,0,no,semi-furnished
8662675,12790,1,1,2,yes,no,no,no,no,0,no,furnished
6519099,7492,2,1,1,yes,yes,no,yes,yes,0,yes,semi-furnished
8272298,7090,,,2,yes,no,no,no,no,0,no,unfurnished
7348516,13739,1,1,2,yes,no,yes,no,no,0,yes,furnished
9011103,7265,2,4,3,yes,no,no,no,yes,2,no,furnished
4130319,3153,2,1,2,yes,no,no,no,no,1,no,semi-furnished
5407314,8174,4,1,3,yes,no,no,no,no,0,no,semi-furnished
10133293,10860,4,1,3,yes,yes,yes,no,yes,0,yes,unfurnished
4910293,4832,1,2,2,yes,no,no,no,no,2,no,unfurnished
6704048,5931,6,1,2,yes,no,yes,no,no,2,no,furnished
8685545,,5,2,3,yes,no,no,no,yes,2,no,semi-furnished
12609665,13660,5,2,2,yes,yes,yes,no,no,2,no,semi-furnished
4920591,,1,4,2,yes,no,yes,no,no,1,no,furnished
11258851,14051,3,2,4,yes,no,no,no,no,3,yes,semi-furnished
11201893,15887,1,2,1,yes,no,no,no,no,2,no,semi-furnished
8605816,11591,6,2,2,yes,no,no,no,no,1,no,unfurnished
5889992,3744,6,2,1,yes,yes,no,no,no,1,yes,semi-furnished
6414720,5260,4,4,2,yes,no,no,no,no,2,no,semi-furnished
9191598,14895,6,4,3,yes,no,yes,no,no,2,no,unfurnished
8945561,14716,4,1,3,yes,no,no,no,yes,1,yes,semi-furnished
8944811,9880,5,1,2,no,yes,no,no,no,3,yes,semi-furnished
5091931,2003,3,4,2,yes,no,no,no,no,1,yes,unfurnished
6505403,12375,6,1,4,yes,yes,no,no,yes,0,no,furnished
8628635,11372,5,3,3,yes,yes,no,no,yes,1,no,unfurnished
7296605,12158,1,1,4,yes,no,yes,no,no,1,no,furnished
5812632,8101,4,4,1,yes,no,no,no,no,2,no,unfurnished
6023821,3088,5,1,2,yes,no,yes,no,no,1,no,furnished
11100655,12921,5,1,2,yes,no,yes,no,yes,3,yes,furnished
11519779,13028,3,3,3,yes,no,no,no,no,2,yes,semi-furnished
6485418,2730,5,1,3,yes,yes,no,no,yes,3,yes,furnished
11448189,10686,5,4,2,yes,yes,yes,no,no,0,no,unfurnished
6759094,2516,5,3,2,no,no,no,no,no,1,no,furnished
5885328,6657,2,1,1,yes,no,yes,no,no,0,yes,furnished
6442085,1877,6,1,3,yes,no,no,no,no,2,no,unfurnished
7344777,9768,3,1,3,yes,no,yes,no,yes,2,no,furnished
5222578,2592,1,2,4,yes,no,yes,no,yes,2,yes,semi-furnished
6143426,7782,2,2,3,yes,no,yes,no,yes,1,no,semi-furnished
6093019,9502,,1,2,no,no,yes,no,no,2,no,semi-furnished
6217070,8689,1,3,3,no,no,no,no,no,3,no,unfurnished
6825765,4900,6,4,3,yes,no,yes,no,no,0,no,unfurnished
5594525,7881,1,,1,yes,no,no,no,no,1,yes,semi-furnished
6443321,5123,6,3,3,yes,no,no,no,yes,1,no,semi-furnished
5513745,3079,3,1,3,no,yes,no,no,no,2,no,furnished
6036809,8501,1,1,2,yes,no,no,no,no,1,no,semi-furnished
10670815,14665,,1,1,no,yes,no,no,no,2,no,furnished
9748047,16054,5,3,1,no,no,no,no,yes,3,yes,unfurnished
7312273,12175,2,1,1,no,no,yes,no,no,2,no,semi-furnished
6457653,4545,2,3,2,yes,yes,no,no,no,2,yes,unfurnished
7651986,5446,4,1,4,yes,no,yes,no,no,1,yes,furnished
4303776,5668,2,1,3,yes,no,no,no,yes,3,no,unfurnished
8659545,14620,5,1,1,yes,no,yes,no,yes,1,no,semi-furnished
6675304,3973,3,1,3,yes,no,yes,no,no,1,yes,unfurnished
8353954,11554,3,,1,yes,no,yes,no,no,2,no,unfurnished
6384920,6897,2,4,2,yes,no,no,no,no,0,no,unfurnished
5201595,,4,,3,yes,no,yes,no,no,2,no,unfurnished
4563399,3454,5,2,2,yes,no,no,no,no,1,no,unfurnished
5997411,2536,6,2,3,yes,no,yes,no,no,0,yes,furnished
9592251,8924,4,3,3,yes,no,yes,no,no,0,no,furnished
8233940,10194,2,1,1,yes,no,no,no,yes,1,yes,unfurnished
7358367,7592,1,1,1,yes,no,yes,no,no,0,yes,furnished
4145129,3177,1,1,3,no,yes,no,no,no,0,no,semi-furnished
6092944,6403,4,2,1,yes,no,yes,no,no,0,no,unfurnished
7061424,5567,4,1,3,yes,no,yes,no,no,1,yes,furnished
11061159,13293,1,1,2,yes,no,no,no,no,2,no,furnished
5235457,3017,5,1,3,yes,no,yes,no,no,2,no,furnished
8987509,7366,4,3,1,yes,no,no,no,yes,2,yes,semi-furnished
8800821,12139,2,2,2,yes,no,no,no,yes,3,no,semi-furnished
9951260,15925,1,1,4,yes,no,no,no,yes,1,no,semi-furnished
4168938,2924,1,2,2,yes,no,yes,no,no,2,no,unfurnished
7231823,12042,1,2,2,yes,no,yes,no,no,1,no,furnished
8473360,8433,6,2,4,yes,no,no,no,no,0,no,semi-furnished
5640999,3085,6,1,1,yes,yes,no,no,no,1,no,unfurnished
5341165,4854,5,2,1,no,no,no,no,no,3,no,unfurnished
5243171,1718,4,3,2,no,no,yes,no,no,3,no,unfurnished
5046152,3761,1,,3,no,no,no,no,yes,0,no,furnished
5992332,2105,1,3,2,yes,no,no,no,yes,2,yes,semi-furnished
5218905,3467,6,1,1,yes,no,yes,no,no,0,yes,semi-furnished
8229968,4595,4,,2,yes,no,no,no,no,0,no,semi-furnished
7868846,5193,5,4,2,no,yes,yes,no,yes,2,no,furnished
6211383,4892,2,1,2,yes,no,yes,no,no,3,no,furnished
8566145,9013,3,3,1,yes,yes,no,no,yes,3,no,unfurnished
3966925,3653,3,1,3,yes,no,no,no,no,1,no,unfurnished
9258244,12826,6,1,3,yes,no,yes,no,no,1,yes,semi-furnished
11049842,15439,4,1,2,no,yes,no,no,no,0,yes,furnished
10431261,15554,,2,4,yes,no,no,no,yes,0,yes,furnished
4529263,3465,1,1,1,yes,no,yes,no,no,1,no,furnished
6933985,6246,4,3,4,yes,no,yes,no,yes,0,no,furnished
11318087,14109,5,4,3,no,no,no,no,yes,0,yes,semi-furnished
10415347,16005,1,1,4,yes,yes,yes,no,yes,1,no,semi-furnished
7128633,13643,1,1,3,no,yes,yes,no,yes,2,no,semi-furnished
8599928,8071,5,3,3,yes,no,no,no,no,0,no,semi-furnished
5760104,6812,6,1,2,yes,yes,yes,no,no,2,no,semi-furnished
11170785,,1,2,2,yes,no,no,no,yes,3,no,semi-furnished
5882317,3497,5,4,4,yes,no,no,no,no,0,no,furnished
9296740,16003,1,1,4,yes,no,no,no,no,1,no,semi-furnished
7310291,9824,3,1,1,no,yes,no,no,yes,2,no,semi-furnished
4119746,2467,4,1,1,yes,no,yes,no,no,3,no,furnished
4669028,3257,4,2,3,no,no,no,no,no,1,no,furnished
8979166,14468,5,1,3,no,no,yes,no,yes,2,no,semi-furnished
8824719,11158,3,4,2,yes,yes,no,no,yes,3,no,furnished
7517823,12964,3,,4,yes,yes,no,no,no,0,no,unfurnished
6199108,3529,4,2,2,yes,yes,no,no,yes,0,no,unfurnished
7981630,8733,6,2,1,yes,yes,yes,no,yes,2,no,unfurnished
6961598,4077,4,2,3,yes,no,no,yes,yes,2,no,unfurnished
9749663,10055,3,3,3,yes,no,no,no,no,2,no,furnished
6222532,3770,5,4,2,yes,no,no,no,no,0,yes,unfurnished
5777644,13580,2,1,2,no,no,no,no,no,0,yes,unfurnished
5257250,5786,5,1,2,yes,no,yes,no,no,2,no,furnished
7122723,4765,2,3,4,yes,no,no,no,no,2,no,furnished
4978764,2019,5,2,3,yes,no,no,no,no,0,no,furnished
4807251,2178,4,1,1,yes,no,yes,no,yes,2,no,semi-furnished
4576310,3354,2,1,1,yes,no,no,no,yes,3,no,furnished
7618126,10653,,3,3,yes,no,no,no,no,0,no,furnished
5545759,3726,1,1,1,yes,no,yes,no,no,1,yes,semi-furnished
7518608,7661,4,3,2,yes,no,no,no,yes,2,no,furnished
4382664,2237,,1,2,no,no,no,no,yes,1,no,semi-furnished
7046097,5020,4,1,2,yes,no,no,no,yes,3,no,furnished
10258702,15715,5,2,2,no,no,no,no,no,1,yes,semi-furnished
5610074,7576,4,1,2,yes,no,no,no,yes,1,no,semi-furnished
4669159,6179,4,1,1,no,no,no,no,yes,3,no,semi-furnished
8673807,10717,5,1,1,yes,yes,no,no,yes,2,no,semi-furnished
10530384,,6,2,1,yes,no,yes,no,no,1,no,semi-furnished
9353505,5170,5,3,3,yes,no,no,no,no,2,yes,furnished
8485323,6842,5,2,4,yes,no,yes,no,yes,3,no,furnished
4855258,5414,2,2,3,yes,no,yes,no,no,1,no,unfurnished
6713957,4597,6,4,2,no,yes,yes,no,no,1,no,furnished
7404481,3600,5,1,2,yes,no,yes,no,yes,2,yes,unfurnished
4436872,1777,5,1,2,yes,no,no,no,no,2,no,semi-furnished
6214659,6869,3,1,3,yes,no,yes,no,no,2,yes,unfurnished
6275986,5445,3,2,1,yes,yes,yes,no,no,0,no,furnished
7106700,6482,2,4,4,no,no,no,no,no,1,no,furnished
8093664,13230,6,3,1,yes,no,yes,no,no,2,no,unfurnished
6524719,3809,6,2,2,yes,no,no,no,no,0,no,semi-furnished
13032661,16033,5,3,2,yes,no,yes,no,no,1,no,unfurnished
6171859,7344,4,1,1,yes,no,no,no,no,1,no,unfurnished
7071320,8387,3,3,3,yes,no,no,no,yes,2,yes,unfurnished
7656261,13482,3,1,1,yes,no,no,no,no,3,no,unfurnished
6486125,7775,3,4,2,yes,no,no,no,yes,0,no,unfurnished
11378376,14970,3,3,1,yes,no,yes,no,yes,0,yes,unfurnished
6865830,6140,6,1,2,yes,yes,no,no,no,1,yes,semi-furnished
8045094,9059,5,3,1,yes,no,no,no,no,2,yes,semi-furnished
6195300,2615,5,3,2,yes,no,yes,no,yes,1,no,unfurnished
5843121,3371,4,2,1,yes,yes,yes,yes,no,0,yes,semi-furnished
10632082,11727,6,1,3,no,no,yes,no,no,3,no,unfurnished
4629852,1810,2,1,4,yes,yes,no,no,yes,2,yes,unfurnished
5350238,6306,1,1,2,yes,no,no,no,no,1,no,unfurnished
5307035,7059,,4,3,yes,no,no,no,no,2,no,semi-furnished
6567324,8619,1,1,4,yes,no,no,no,no,1,no,unfurnished
9105219,13304,6,4,2,yes,no,no,no,yes,0,no,semi-furnished
7628058,13899,4,1,2,no,yes,no,no,no,1,yes,semi-furnished
9718308,15792,5,4,1,yes,no,no,no,yes,2,no,unfurnished
7273699,12094,1,1,4,yes,no,no,no,no,2,no,furnished
10834590,15167,1,1,2,yes,yes,yes,no,yes,2,yes,unfurnished
9847440,13602,1,1,2,yes,no,no,yes,yes,0,yes,semi-furnished
7043248,6119,4,1,2,no,yes,yes,no,yes,1,no,semi-furnished
6442414,5048,6,4,2,yes,no,no,no,yes,2,no,semi-furnished
8733445,13139,5,1,3,yes,no,no,no,no,1,no,furnished
9160368,9409,6,2,3,yes,no,no,no,no,1,yes,furnished
5026474,3778,5,1,2,yes,no,yes,no,no,0,no,semi-furnished
5366270,4175,1,3,2,yes,no,no,no,no,1,no,semi-furnished
